Title,Category,Publisher,Description
"Mais Alghanim","Lebanese, Arabic, Grills","Mais Alghanim Group","Renowned Lebanese-Arabic grill spot near Kuwait Towers, rated 4.5 on Talabat with popular dishes like Tabouleh, Hummus, Family Savers Meal and Arayes meat."  
"Ghraeyf","Kuwaiti, Machbouss, Grills","Ghraeyf","Local favorite serving traditional Kuwaiti machbouss and grilled dishes—Chicken Majboos and Tashreeb Meat are top sellers; 4.0 rating on Talabat."  
"White Robata","Japanese Fusion, Grills","White Robata","Highly rated at Wanderlog for charcoal-grilled Japanese fusion dishes in a sleek setting at Sheikh Jaber Al-Ahmed Cultural Centre."  
"Tatami Japanese Restaurant","Japanese, Sushi","Tatami","Fine sushi and Japanese cuisine in Shaymaa Tower (Dhai Complex), praised for its creative dishes and ambiance."  
"KEI Downtown","Japanese, Fine Dining","KEI Downtown","Long-standing Japanese fine-dining venue in JW Marriott/Al Assima Mall area, serving sushi and teppanyaki since 1981."  
"OVO Restaurant","Vegetarian, Vegan","OVO Restaurant","Upscale vegan/vegetarian restaurant in Bneid Al-Gar offering elevated, globally inspired menus by Amal Chahine."  
"Principale Ristorante Di Nino","Italian","Di Nino Group","Italian seaside dining in Kuwait City—specializes in authentic dishes like pizza, lasagna, ravioli, and risotto in cozy, upscale atmosphere."  
"Maki","Japanese, Sushi","Maki","Modern sushi and Asian mains served in a tent-like setting with indoor/outdoor seating overlooking Kuwait Bay."  
"Dar Al-Zalag","Kuwaiti, Machbouss, Grills","Darb Al-Zalag","Traditional Kuwaiti cuisine featuring machbouss and grilled dishes, available via Talabat delivery. Stylish comfort food."  
"Ryoog","Kuwaiti, Café","Ryoog","Casual café offering Kuwaiti and Middle Eastern dishes—breakfast, salads, coffee—available on Talabat for convenient delivery."  
